{"cameraMode":{"drawMode":0,"name":"Shaded","section":"Shading Mode"},"sceneLighting":true,"audioPlay":false,"sceneViewState":{"showFog":true,"showMaterialUpdate":false,"showSkybox":true,"showFlares":true,"showImageEffects":true,"showParticleSystems":true},"in2DMode":false,"pivot":{"x":5.0992608070373539,"y":3.4594802856445314,"z":-1.5100123882293702},"rotation":{"x":0.26242920756340029,"y":-0.4937141537666321,"z":0.1592397838830948,"w":0.8136470317840576},"size":5.498349666595459,"orthographic":true}